phase,driver,slots,files,pattern,seed,current_mean,current_p99,current_max,candidate_mean,candidate_p99,candidate_max,generator_sha256
calibration,00d105eed0000001,1024,1,sequential,0000000000000000,1.490234375,7,11,1.556640625,8,14,4f2f0dcc1cef2845142c8c4df8c7a115f478d64a3b3abed8167762cad0ba514d
calibration,00d105eed0000001,1024,1,interleaved,0000000000000000,1.490234375,7,11,1.556640625,8,14,4f2f0dcc1cef2845142c8c4df8c7a115f478d64a3b3abed8167762cad0ba514d
calibration,00d105eed0000001,1024,16,sequential,0000000000000000,1.552734375,6,13,1.445312500,6,15,4f2f0dcc1cef2845142c8c4df8c7a115f478d64a3b3abed8167762cad0ba514d
calibration,00d105eed0000001,1024,16,interleaved,0000000000000000,1.441406250,5,8,1.466796875,6,14,4f2f0dcc1cef2845142c8c4df8c7a115f478d64a3b3abed8167762cad0ba514d
calibration,00d105eed0000001,1024,256,sequential,0000000000000000,1.509765625,7,12,1.542968750,7,17,4f2f0dcc1cef2845142c8c4df8c7a115f478d64a3b3abed8167762cad0ba514d
calibration,00d105eed0000001,1024,256,interleaved,0000000000000000,1.503906250,6,12,1.496093750,7,10,4f2f0dcc1cef2845142c8c4df8c7a115f478d64a3b3abed8167762cad0ba514d
calibration,00d105eed0000001,131072,1,sequential,0000000000000000,1.495071411,7,26,1.497299194,7,25,4f2f0dcc1cef2845142c8c4df8c7a115f478d64a3b3abed8167762cad0ba514d
calibration,00d105eed0000001,131072,1,interleaved,0000000000000000,1.495071411,7,26,1.497299194,7,25,4f2f0dcc1cef2845142c8c4df8c7a115f478d64a3b3abed8167762cad0ba514d
calibration,00d105eed0000001,131072,16,sequential,0000000000000000,1.504608154,7,33,1.489288330,7,21,4f2f0dcc1cef2845142c8c4df8c7a115f478d64a3b3abed8167762cad0ba514d
calibration,00d105eed0000001,131072,16,interleaved,0000000000000000,1.496932983,7,28,1.494644165,7,27,4f2f0dcc1cef2845142c8c4df8c7a115f478d64a3b3abed8167762cad0ba514d
calibration,00d105eed0000001,131072,256,sequential,0000000000000000,1.487930298,7,25,1.504241943,7,28,4f2f0dcc1cef2845142c8c4df8c7a115f478d64a3b3abed8167762cad0ba514d
calibration,00d105eed0000001,131072,256,interleaved,0000000000000000,1.498229980,7,26,1.488861084,7,24,4f2f0dcc1cef2845142c8c4df8c7a115f478d64a3b3abed8167762cad0ba514d
calibration,00d105eed0000001,524288,1,sequential,0000000000000000,1.499145508,7,31,1.497753143,7,38,4f2f0dcc1cef2845142c8c4df8c7a115f478d64a3b3abed8167762cad0ba514d
calibration,00d105eed0000001,524288,1,interleaved,0000000000000000,1.499145508,7,31,1.497753143,7,38,4f2f0dcc1cef2845142c8c4df8c7a115f478d64a3b3abed8167762cad0ba514d
calibration,00d105eed0000001,524288,16,sequential,0000000000000000,1.501399994,7,35,1.496891022,7,27,4f2f0dcc1cef2845142c8c4df8c7a115f478d64a3b3abed8167762cad0ba514d
calibration,00d105eed0000001,524288,16,interleaved,0000000000000000,1.497276306,7,33,1.500823975,7,28,4f2f0dcc1cef2845142c8c4df8c7a115f478d64a3b3abed8167762cad0ba514d
calibration,00d105eed0000001,524288,256,sequential,0000000000000000,1.493434906,7,36,1.501239777,7,33,4f2f0dcc1cef2845142c8c4df8c7a115f478d64a3b3abed8167762cad0ba514d
calibration,00d105eed0000001,524288,256,interleaved,0000000000000000,1.502342224,7,41,1.500331879,7,30,4f2f0dcc1cef2845142c8c4df8c7a115f478d64a3b3abed8167762cad0ba514d
holdout,71c35a09d4e2b687,2048,3,round_robin,0000000000000000,1.525390625,8,13,1.508789062,7,10,4f2f0dcc1cef2845142c8c4df8c7a115f478d64a3b3abed8167762cad0ba514d
holdout,71c35a09d4e2b687,2048,3,shuffled,243f6a8885a308d3,1.525390625,8,14,1.508789062,7,13,4f2f0dcc1cef2845142c8c4df8c7a115f478d64a3b3abed8167762cad0ba514d
holdout,71c35a09d4e2b687,2048,3,shuffled,13198a2e03707344,1.525390625,7,15,1.508789062,7,14,4f2f0dcc1cef2845142c8c4df8c7a115f478d64a3b3abed8167762cad0ba514d
holdout,71c35a09d4e2b687,2048,31,round_robin,0000000000000000,1.424804688,5,13,1.545898438,6,11,4f2f0dcc1cef2845142c8c4df8c7a115f478d64a3b3abed8167762cad0ba514d
holdout,71c35a09d4e2b687,2048,31,shuffled,243f6a8885a308d3,1.424804688,6,10,1.545898438,7,11,4f2f0dcc1cef2845142c8c4df8c7a115f478d64a3b3abed8167762cad0ba514d
holdout,71c35a09d4e2b687,2048,31,shuffled,13198a2e03707344,1.424804688,6,14,1.545898438,6,10,4f2f0dcc1cef2845142c8c4df8c7a115f478d64a3b3abed8167762cad0ba514d
holdout,71c35a09d4e2b687,2048,127,round_robin,0000000000000000,1.494140625,7,12,1.518554688,7,19,4f2f0dcc1cef2845142c8c4df8c7a115f478d64a3b3abed8167762cad0ba514d
holdout,71c35a09d4e2b687,2048,127,shuffled,243f6a8885a308d3,1.494140625,7,14,1.518554688,7,15,4f2f0dcc1cef2845142c8c4df8c7a115f478d64a3b3abed8167762cad0ba514d
holdout,71c35a09d4e2b687,2048,127,shuffled,13198a2e03707344,1.494140625,7,16,1.518554688,7,22,4f2f0dcc1cef2845142c8c4df8c7a115f478d64a3b3abed8167762cad0ba514d
holdout,71c35a09d4e2b687,65536,3,round_robin,0000000000000000,1.518585205,7,43,1.503509521,7,27,4f2f0dcc1cef2845142c8c4df8c7a115f478d64a3b3abed8167762cad0ba514d
holdout,71c35a09d4e2b687,65536,3,shuffled,243f6a8885a308d3,1.518585205,7,38,1.503509521,7,26,4f2f0dcc1cef2845142c8c4df8c7a115f478d64a3b3abed8167762cad0ba514d
holdout,71c35a09d4e2b687,65536,3,shuffled,13198a2e03707344,1.518585205,7,39,1.503509521,7,26,4f2f0dcc1cef2845142c8c4df8c7a115f478d64a3b3abed8167762cad0ba514d
holdout,71c35a09d4e2b687,65536,31,round_robin,0000000000000000,1.495178223,7,25,1.500732422,7,24,4f2f0dcc1cef2845142c8c4df8c7a115f478d64a3b3abed8167762cad0ba514d
holdout,71c35a09d4e2b687,65536,31,shuffled,243f6a8885a308d3,1.495178223,7,29,1.500732422,7,25,4f2f0dcc1cef2845142c8c4df8c7a115f478d64a3b3abed8167762cad0ba514d
holdout,71c35a09d4e2b687,65536,31,shuffled,13198a2e03707344,1.495178223,7,29,1.500732422,7,23,4f2f0dcc1cef2845142c8c4df8c7a115f478d64a3b3abed8167762cad0ba514d
holdout,71c35a09d4e2b687,65536,127,round_robin,0000000000000000,1.494934082,7,25,1.498626709,7,26,4f2f0dcc1cef2845142c8c4df8c7a115f478d64a3b3abed8167762cad0ba514d
holdout,71c35a09d4e2b687,65536,127,shuffled,243f6a8885a308d3,1.494934082,7,25,1.498626709,7,29,4f2f0dcc1cef2845142c8c4df8c7a115f478d64a3b3abed8167762cad0ba514d
holdout,71c35a09d4e2b687,65536,127,shuffled,13198a2e03707344,1.494934082,7,30,1.498626709,7,24,4f2f0dcc1cef2845142c8c4df8c7a115f478d64a3b3abed8167762cad0ba514d
holdout,71c35a09d4e2b687,262144,3,round_robin,0000000000000000,1.495239258,7,27,1.501029968,7,35,4f2f0dcc1cef2845142c8c4df8c7a115f478d64a3b3abed8167762cad0ba514d
holdout,71c35a09d4e2b687,262144,3,shuffled,243f6a8885a308d3,1.495239258,7,30,1.501029968,7,33,4f2f0dcc1cef2845142c8c4df8c7a115f478d64a3b3abed8167762cad0ba514d
holdout,71c35a09d4e2b687,262144,3,shuffled,13198a2e03707344,1.495239258,7,29,1.501029968,7,34,4f2f0dcc1cef2845142c8c4df8c7a115f478d64a3b3abed8167762cad0ba514d
holdout,71c35a09d4e2b687,262144,31,round_robin,0000000000000000,1.493339539,7,22,1.495437622,7,32,4f2f0dcc1cef2845142c8c4df8c7a115f478d64a3b3abed8167762cad0ba514d
holdout,71c35a09d4e2b687,262144,31,shuffled,243f6a8885a308d3,1.493339539,7,26,1.495437622,7,30,4f2f0dcc1cef2845142c8c4df8c7a115f478d64a3b3abed8167762cad0ba514d
holdout,71c35a09d4e2b687,262144,31,shuffled,13198a2e03707344,1.493339539,7,29,1.495437622,7,32,4f2f0dcc1cef2845142c8c4df8c7a115f478d64a3b3abed8167762cad0ba514d
holdout,71c35a09d4e2b687,262144,127,round_robin,0000000000000000,1.496154785,7,32,1.503601074,7,36,4f2f0dcc1cef2845142c8c4df8c7a115f478d64a3b3abed8167762cad0ba514d
holdout,71c35a09d4e2b687,262144,127,shuffled,243f6a8885a308d3,1.496154785,7,32,1.503601074,7,36,4f2f0dcc1cef2845142c8c4df8c7a115f478d64a3b3abed8167762cad0ba514d
holdout,71c35a09d4e2b687,262144,127,shuffled,13198a2e03707344,1.496154785,7,30,1.503601074,7,30,4f2f0dcc1cef2845142c8c4df8c7a115f478d64a3b3abed8167762cad0ba514d
holdout,d9034f6128bc7a55,2048,3,round_robin,0000000000000000,1.452148438,6,11,1.541015625,8,18,4f2f0dcc1cef2845142c8c4df8c7a115f478d64a3b3abed8167762cad0ba514d
holdout,d9034f6128bc7a55,2048,3,shuffled,243f6a8885a308d3,1.452148438,6,8,1.541015625,7,17,4f2f0dcc1cef2845142c8c4df8c7a115f478d64a3b3abed8167762cad0ba514d
holdout,d9034f6128bc7a55,2048,3,shuffled,13198a2e03707344,1.452148438,6,10,1.541015625,7,20,4f2f0dcc1cef2845142c8c4df8c7a115f478d64a3b3abed8167762cad0ba514d
holdout,d9034f6128bc7a55,2048,31,round_robin,0000000000000000,1.466796875,7,10,1.535156250,7,14,4f2f0dcc1cef2845142c8c4df8c7a115f478d64a3b3abed8167762cad0ba514d
holdout,d9034f6128bc7a55,2048,31,shuffled,243f6a8885a308d3,1.466796875,7,12,1.535156250,7,14,4f2f0dcc1cef2845142c8c4df8c7a115f478d64a3b3abed8167762cad0ba514d
holdout,d9034f6128bc7a55,2048,31,shuffled,13198a2e03707344,1.466796875,7,11,1.535156250,6,14,4f2f0dcc1cef2845142c8c4df8c7a115f478d64a3b3abed8167762cad0ba514d
holdout,d9034f6128bc7a55,2048,127,round_robin,0000000000000000,1.480468750,7,11,1.559570312,7,19,4f2f0dcc1cef2845142c8c4df8c7a115f478d64a3b3abed8167762cad0ba514d
holdout,d9034f6128bc7a55,2048,127,shuffled,243f6a8885a308d3,1.480468750,6,16,1.559570312,8,17,4f2f0dcc1cef2845142c8c4df8c7a115f478d64a3b3abed8167762cad0ba514d
holdout,d9034f6128bc7a55,2048,127,shuffled,13198a2e03707344,1.480468750,6,12,1.559570312,7,22,4f2f0dcc1cef2845142c8c4df8c7a115f478d64a3b3abed8167762cad0ba514d
holdout,d9034f6128bc7a55,65536,3,round_robin,0000000000000000,1.507934570,7,23,1.505340576,7,49,4f2f0dcc1cef2845142c8c4df8c7a115f478d64a3b3abed8167762cad0ba514d
holdout,d9034f6128bc7a55,65536,3,shuffled,243f6a8885a308d3,1.507934570,7,22,1.505340576,7,50,4f2f0dcc1cef2845142c8c4df8c7a115f478d64a3b3abed8167762cad0ba514d
holdout,d9034f6128bc7a55,65536,3,shuffled,13198a2e03707344,1.507934570,7,27,1.505340576,7,37,4f2f0dcc1cef2845142c8c4df8c7a115f478d64a3b3abed8167762cad0ba514d
holdout,d9034f6128bc7a55,65536,31,round_robin,0000000000000000,1.507141113,7,30,1.510620117,7,39,4f2f0dcc1cef2845142c8c4df8c7a115f478d64a3b3abed8167762cad0ba514d
holdout,d9034f6128bc7a55,65536,31,shuffled,243f6a8885a308d3,1.507141113,7,25,1.510620117,7,37,4f2f0dcc1cef2845142c8c4df8c7a115f478d64a3b3abed8167762cad0ba514d
holdout,d9034f6128bc7a55,65536,31,shuffled,13198a2e03707344,1.507141113,7,30,1.510620117,7,37,4f2f0dcc1cef2845142c8c4df8c7a115f478d64a3b3abed8167762cad0ba514d
holdout,d9034f6128bc7a55,65536,127,round_robin,0000000000000000,1.516998291,7,36,1.491394043,7,35,4f2f0dcc1cef2845142c8c4df8c7a115f478d64a3b3abed8167762cad0ba514d
holdout,d9034f6128bc7a55,65536,127,shuffled,243f6a8885a308d3,1.516998291,7,36,1.491394043,7,26,4f2f0dcc1cef2845142c8c4df8c7a115f478d64a3b3abed8167762cad0ba514d
holdout,d9034f6128bc7a55,65536,127,shuffled,13198a2e03707344,1.516998291,7,35,1.491394043,7,22,4f2f0dcc1cef2845142c8c4df8c7a115f478d64a3b3abed8167762cad0ba514d
holdout,d9034f6128bc7a55,262144,3,round_robin,0000000000000000,1.502517700,7,29,1.496971130,7,27,4f2f0dcc1cef2845142c8c4df8c7a115f478d64a3b3abed8167762cad0ba514d
holdout,d9034f6128bc7a55,262144,3,shuffled,243f6a8885a308d3,1.502517700,7,26,1.496971130,7,26,4f2f0dcc1cef2845142c8c4df8c7a115f478d64a3b3abed8167762cad0ba514d
holdout,d9034f6128bc7a55,262144,3,shuffled,13198a2e03707344,1.502517700,7,29,1.496971130,7,24,4f2f0dcc1cef2845142c8c4df8c7a115f478d64a3b3abed8167762cad0ba514d
holdout,d9034f6128bc7a55,262144,31,round_robin,0000000000000000,1.494789124,7,27,1.496871948,7,25,4f2f0dcc1cef2845142c8c4df8c7a115f478d64a3b3abed8167762cad0ba514d
holdout,d9034f6128bc7a55,262144,31,shuffled,243f6a8885a308d3,1.494789124,7,30,1.496871948,7,29,4f2f0dcc1cef2845142c8c4df8c7a115f478d64a3b3abed8167762cad0ba514d
holdout,d9034f6128bc7a55,262144,31,shuffled,13198a2e03707344,1.494789124,7,38,1.496871948,7,29,4f2f0dcc1cef2845142c8c4df8c7a115f478d64a3b3abed8167762cad0ba514d
holdout,d9034f6128bc7a55,262144,127,round_robin,0000000000000000,1.502212524,7,34,1.496292114,7,31,4f2f0dcc1cef2845142c8c4df8c7a115f478d64a3b3abed8167762cad0ba514d
holdout,d9034f6128bc7a55,262144,127,shuffled,243f6a8885a308d3,1.502212524,7,30,1.496292114,7,27,4f2f0dcc1cef2845142c8c4df8c7a115f478d64a3b3abed8167762cad0ba514d
holdout,d9034f6128bc7a55,262144,127,shuffled,13198a2e03707344,1.502212524,7,33,1.496292114,7,29,4f2f0dcc1cef2845142c8c4df8c7a115f478d64a3b3abed8167762cad0ba514d
